Year,Indicator,600015,600036,601166,601398,601998
2020,BPS,14.34,25.36,25.5,7.48,9.6
2020,CAR,12.94,16.29,13.2,16.88,13.01
2020,CET1 CAR,8.65,11.81,8.95,13.18,8.74
2020,Cost-to-Income Ratio,27.93,33.3,24.16,22.3,26.65
2020,Credit Cost,1.82,0.98,1.33,0.97,1.64
2020,Deposit Cost Rate,1.88,1.55,2.26,1.61,2.1
2020,Deposit Growth Rate,9.77,16.18,7.55,9.39,12.12
2020,Dividend Yield,4.82,2.85,3.84,7.29,4.97
2020,EPS,1.2,3.79,3.08,0.86,0.94
2020,LLR,2.65,4.82,2.74,2.85,2.82
2020,LR,7.25,7.39,6.58,8.14,6.4
2020,Loan Growth Rate,12.62,11.99,15.23,11.11,11.89
2020,Loan Yield,5.34,4.89,5.3,4.26,5.31
2020,NIIR,14.0,36.3,29.35,26.73,22.71
2020,NIM,2.59,2.49,2.36,2.15,2.26
2020,NIS,2.48,2.4,2.11,1.97,2.18
2020,NPL,1.8,1.09,1.25,1.58,1.64
2020,NPLG,1.73,1.26,1.31,0.98,1.81
2020,Operating Income Growth Rate,12.48,7.7,12.04,3.18,3.81
2020,PCR,147.22,443.51,218.83,180.68,171.68
2020,Pre-provision Profit Growth Rate,16.59,5.11,14.59,4.21,5.27
2020,ROA,0.67,1.23,0.9,1.0,0.69
2020,ROE,8.64,15.73,12.62,11.95,10.11
2020,RORWA,0.9,2.05,1.25,1.64,0.94
2020,Recurring Net Profit Growth Rate,-2.54,5.42,1.16,1.16,1.82
2020,Total Assets Growth Rate,12.55,12.73,10.47,10.75,11.27
2021,BPS,15.49,29.01,28.8,8.15,10.45
2021,CAR,12.61,17.23,14.1,18.02,13.53
2021,CET1 CAR,8.6,12.15,9.35,13.31,8.85
2021,Cost-to-Income Ratio,29.06,33.12,25.68,23.97,29.2
2021,Credit Cost,1.19,0.7,1.08,0.86,1.08
2021,Deposit Cost Rate,1.9,1.41,2.22,1.62,2.0
2021,Deposit Growth Rate,4.73,12.77,6.63,5.2,4.6
2021,Dividend Yield,6.04,3.12,5.44,8.22,6.54
2021,EPS,1.35,4.61,3.77,0.95,1.08
2021,LLR,2.67,4.55,2.96,2.92,2.5
2021,LR,6.95,8.0,6.72,8.69,6.78
2021,Loan Growth Rate,4.96,10.76,11.66,10.97,8.55
2021,Loan Yield,5.13,4.57,5.03,4.16,4.99
2021,NIIR,16.97,38.44,34.15,26.74,27.7
2021,NIM,2.35,2.48,2.29,2.11,2.05
2021,NIS,2.26,2.39,2.02,1.92,1.99
2021,NPL,1.77,0.93,1.1,1.42,1.39
2021,NPLG,1.21,0.95,0.76,0.51,1.25
2021,Operating Income Growth Rate,0.59,14.04,8.91,6.81,5.05
2021,PCR,150.99,490.66,268.73,205.84,180.07
2021,Pre-provision Profit Growth Rate,-1.06,14.32,6.72,5.5,1.56
2021,ROA,0.67,1.36,1.02,1.02,0.72
2021,ROE,9.04,16.96,13.94,12.15,10.73
2021,RORWA,0.91,2.3,1.42,1.68,1.01
2021,Recurring Net Profit Growth Rate,10.69,22.9,24.14,10.12,13.71
2021,Total Assets Growth Rate,8.13,10.62,8.98,5.48,7.08
2022,BPS,16.37,32.71,31.79,8.81,11.25
2022,CAR,13.08,17.51,14.13,19.26,13.18
2022,CET1 CAR,9.03,13.23,9.34,14.04,8.74
2022,Cost-to-Income Ratio,30.13,32.88,29.37,25.01,30.53
2022,Credit Cost,1.2,0.78,0.8,0.65,1.12
2022,Deposit Cost Rate,2.03,1.52,2.26,1.75,2.06
2022,Deposit Growth Rate,8.38,18.73,9.88,12.97,7.66
2022,Dividend Yield,7.38,4.66,6.75,8.53,6.61
2022,EPS,1.43,5.26,4.2,0.97,1.17
2022,LLR,2.8,4.43,2.59,2.9,2.55
2022,LR,6.76,7.95,6.77,8.32,6.59
2022,Loan Growth Rate,2.69,8.64,12.53,12.31,6.11
2022,Loan Yield,4.85,4.54,4.81,4.05,4.81
2022,NIIR,20.8,36.7,34.67,24.43,28.7
2022,NIM,2.1,2.4,2.1,1.92,1.97
2022,NIS,2.07,2.28,1.83,1.73,1.92
2022,NPL,1.75,0.95,1.09,1.38,1.27
2022,NPLG,1.14,1.15,1.12,0.51,1.11
2022,Operating Income Growth Rate,-2.15,4.08,0.51,-2.63,3.34
2022,PCR,159.88,467.43,236.44,209.47,201.19
2022,Pre-provision Profit Growth Rate,-3.76,3.61,-4.53,-3.59,1.58
2022,ROA,0.67,1.42,1.03,0.97,0.76
2022,ROE,9.0,17.06,13.85,11.43,10.8
2022,RORWA,0.91,2.44,1.44,1.64,1.04
2022,Recurring Net Profit Growth Rate,6.6,15.17,10.69,3.47,11.42
2022,Total Assets Growth Rate,6.09,9.62,7.71,12.62,6.27
2023,BPS,17.5,36.71,34.2,9.55,12.3
2023,CAR,12.06,17.62,13.81,19.1,12.93
2023,CET1 CAR,9.0,13.32,9.29,13.72,8.99
2023,Cost-to-Income Ratio,31.37,32.96,29.97,26.96,32.35
2023,Credit Cost,1.11,0.74,1.28,0.58,0.93
2023,Deposit Cost Rate,2.06,1.62,2.24,1.89,2.12
2023,Deposit Growth Rate,3.2,8.22,8.45,12.22,5.86
2023,Dividend Yield,6.83,7.09,6.42,7.33,6.73
2023,EPS,1.48,5.63,3.51,0.98,1.27
2023,LLR,2.67,4.24,2.63,2.9,2.45
2023,LR,6.16,8.26,6.83,7.95,6.66
2023,Loan Growth Rate,1.61,7.56,9.59,12.39,6.71
2023,Loan Yield,4.74,4.26,4.57,3.81,4.56
2023,NIIR,24.42,36.7,30.51,22.31,30.3
2023,NIM,1.82,2.15,1.93,1.61,1.78
2023,NIS,1.77,2.03,1.66,1.41,1.75
2023,NPL,1.67,0.93,1.07,1.36,1.18
2023,NPLG,1.28,1.03,1.29,0.43,1.12
2023,Operating Income Growth Rate,-0.64,-1.64,-5.19,-3.73,-2.6
2023,PCR,160.06,456.73,245.21,213.97,207.59
2023,Pre-provision Profit Growth Rate,-4.58,-1.79,-6.14,-5.7,-5.5
2023,ROA,0.66,1.39,0.8,0.87,0.77
2023,ROE,8.71,16.22,10.64,10.66,10.8
2023,RORWA,0.91,2.38,1.1,1.56,1.04
2023,Recurring Net Profit Growth Rate,4.53,6.18,-15.91,0.8,7.56
2023,Total Assets Growth Rate,9.09,8.77,9.62,12.84,5.91
2024,BPS,18.97,41.46,36.88,10.23,12.58
2024,CAR,13.44,19.17,13.93,19.39,13.36
2024,CET1 CAR,9.77,14.84,9.25,14.1,9.72
2024,Cost-to-Income Ratio,29.8,31.89,29.5,28.04,32.49
2024,Credit Cost,1.1,0.65,0.92,0.45,0.95
2024,Deposit Cost Rate,1.96,1.54,1.98,1.72,1.89
2024,Deposit Growth Rate,1.01,11.54,7.69,3.93,7.04
2024,Dividend Yield,5.06,5.09,5.53,4.83,5.08
2024,EPS,1.62,5.66,3.51,0.98,1.22
2024,LLR,2.59,3.97,2.55,2.87,2.43
2024,LR,6.95,8.46,7.35,7.75,7.06
2024,Loan Growth Rate,2.46,5.83,5.05,8.76,4.03
2024,Loan Yield,4.38,3.91,4.2,3.4,4.24
2024,NIIR,36.11,37.4,30.21,22.44,31.3
2024,NIM,1.59,1.98,1.82,1.42,1.77
2024,NIS,1.61,1.86,1.56,1.23,1.71
2024,NPL,1.6,0.93,1.07,1.34,1.16
2024,NPLG,1.28,1.05,1.12,0.41,1.11
2024,Operating Income Growth Rate,4.23,-0.48,0.66,-2.52,3.76
2024,PCR,161.89,425.23,237.78,214.91,209.43
2024,Pre-provision Profit Growth Rate,5.32,0.34,1.37,-4.24,3.72
2024,ROA,0.65,1.28,0.75,0.78,0.75
2024,ROE,8.84,14.49,9.89,9.88,9.79
2024,RORWA,0.91,2.22,1.02,1.46,1.01
2024,Recurring Net Profit Growth Rate,5.35,1.34,0.33,0.79,2.31
2024,Total Assets Growth Rate,2.86,10.19,3.44,9.23,5.31
2025,BPS,19.84,43.43,38.83,10.83,13.01
2025,CAR,13.16,17.95,13.1,18.76,12.8
2025,CET1 CAR,9.38,13.74,9.1,13.57,9.48
2025,Cost-to-Income Ratio,30.61,31.98,29.56,28.05,31.61
2025,Credit Cost,0.92,0.6,0.92,0.51,0.89
2025,Deposit Cost Rate,1.6,1.17,1.65,1.36,1.52
2025,Deposit Growth Rate,10.71,8.13,7.18,7.1,4.69
2025,Dividend Yield,6.11,4.79,5.06,4.0,4.95
2025,EPS,1.62,5.7,3.46,1.0,1.2
2025,LLR,2.23,3.7,2.47,2.79,2.33
2025,LR,6.93,8.0,7.04,7.51,7.09
2025,Loan Growth Rate,8.47,5.37,3.7,7.52,2.48
2025,Loan Yield,3.88,3.34,3.59,2.81,3.67
2025,NIIR,31.51,36.13,30.08,24.23,32.0
2025,NIM,1.56,1.87,1.71,1.28,1.63
2025,NIS,1.63,1.78,1.5,1.15,1.6
2025,NPL,1.55,0.93,1.08,1.31,1.15
2025,NPLG,1.41,1.03,1.17,0.47,1.15
2025,Operating Income Growth Rate,-5.39,0.01,0.24,2.0,-0.55
2025,PCR,143.3,399.61,228.41,213.6,203.61
2025,Pre-provision Profit Growth Rate,-7.86,-0.02,0.12,1.97,0.05
2025,ROA,0.61,1.19,0.72,0.72,0.73
2025,ROE,8.32,13.44,9.15,9.45,9.39
2025,RORWA,0.85,2.1,0.95,1.37,0.97
2025,Recurring Net Profit Growth Rate,-1.9,1.35,0.38,1.06,2.58
2025,Total Assets Growth Rate,8.25,7.56,5.58,9.54,6.28
