BankCode,BankAbbr,Indicator,Year,Value
600015,HXB,BPS,2020,14.34
600036,CMD,BPS,2020,25.36
601166,CIB,BPS,2020,25.5
601398,ICBC,BPS,2020,7.48
601998,CITIC,BPS,2020,9.6
600015,HXB,BPS,2021,15.49
600036,CMD,BPS,2021,29.01
601166,CIB,BPS,2021,28.8
601398,ICBC,BPS,2021,8.15
601998,CITIC,BPS,2021,10.45
600015,HXB,BPS,2022,16.37
600036,CMD,BPS,2022,32.71
601166,CIB,BPS,2022,31.79
601398,ICBC,BPS,2022,8.81
601998,CITIC,BPS,2022,11.25
600015,HXB,BPS,2023,17.5
600036,CMD,BPS,2023,36.71
601166,CIB,BPS,2023,34.2
601398,ICBC,BPS,2023,9.55
601998,CITIC,BPS,2023,12.3
600015,HXB,BPS,2024,18.97
600036,CMD,BPS,2024,41.46
601166,CIB,BPS,2024,36.88
601398,ICBC,BPS,2024,10.23
601998,CITIC,BPS,2024,12.58
600015,HXB,BPS,2025,19.84
600036,CMD,BPS,2025,43.43
601166,CIB,BPS,2025,38.83
601398,ICBC,BPS,2025,10.83
601998,CITIC,BPS,2025,13.01
600015,HXB,CAR,2020,12.94
600036,CMD,CAR,2020,16.29
601166,CIB,CAR,2020,13.2
601398,ICBC,CAR,2020,16.88
601998,CITIC,CAR,2020,13.01
600015,HXB,CAR,2021,12.61
600036,CMD,CAR,2021,17.23
601166,CIB,CAR,2021,14.1
601398,ICBC,CAR,2021,18.02
601998,CITIC,CAR,2021,13.53
600015,HXB,CAR,2022,13.08
600036,CMD,CAR,2022,17.51
601166,CIB,CAR,2022,14.13
601398,ICBC,CAR,2022,19.26
601998,CITIC,CAR,2022,13.18
600015,HXB,CAR,2023,12.06
600036,CMD,CAR,2023,17.62
601166,CIB,CAR,2023,13.81
601398,ICBC,CAR,2023,19.1
601998,CITIC,CAR,2023,12.93
600015,HXB,CAR,2024,13.44
600036,CMD,CAR,2024,19.17
601166,CIB,CAR,2024,13.93
601398,ICBC,CAR,2024,19.39
601998,CITIC,CAR,2024,13.36
600015,HXB,CAR,2025,13.16
600036,CMD,CAR,2025,17.95
601166,CIB,CAR,2025,13.1
601398,ICBC,CAR,2025,18.76
601998,CITIC,CAR,2025,12.8
600015,HXB,CET1 CAR,2020,8.65
600036,CMD,CET1 CAR,2020,11.81
601166,CIB,CET1 CAR,2020,8.95
601398,ICBC,CET1 CAR,2020,13.18
601998,CITIC,CET1 CAR,2020,8.74
600015,HXB,CET1 CAR,2021,8.6
600036,CMD,CET1 CAR,2021,12.15
601166,CIB,CET1 CAR,2021,9.35
601398,ICBC,CET1 CAR,2021,13.31
601998,CITIC,CET1 CAR,2021,8.85
600015,HXB,CET1 CAR,2022,9.03
600036,CMD,CET1 CAR,2022,13.23
601166,CIB,CET1 CAR,2022,9.34
601398,ICBC,CET1 CAR,2022,14.04
601998,CITIC,CET1 CAR,2022,8.74
600015,HXB,CET1 CAR,2023,9.0
600036,CMD,CET1 CAR,2023,13.32
601166,CIB,CET1 CAR,2023,9.29
601398,ICBC,CET1 CAR,2023,13.72
601998,CITIC,CET1 CAR,2023,8.99
600015,HXB,CET1 CAR,2024,9.77
600036,CMD,CET1 CAR,2024,14.84
601166,CIB,CET1 CAR,2024,9.25
601398,ICBC,CET1 CAR,2024,14.1
601998,CITIC,CET1 CAR,2024,9.72
600015,HXB,CET1 CAR,2025,9.38
600036,CMD,CET1 CAR,2025,13.74
601166,CIB,CET1 CAR,2025,9.1
601398,ICBC,CET1 CAR,2025,13.57
601998,CITIC,CET1 CAR,2025,9.48
600015,HXB,Cost-to-Income Ratio,2020,27.93
600036,CMD,Cost-to-Income Ratio,2020,33.3
601166,CIB,Cost-to-Income Ratio,2020,24.16
601398,ICBC,Cost-to-Income Ratio,2020,22.3
601998,CITIC,Cost-to-Income Ratio,2020,26.65
600015,HXB,Cost-to-Income Ratio,2021,29.06
600036,CMD,Cost-to-Income Ratio,2021,33.12
601166,CIB,Cost-to-Income Ratio,2021,25.68
601398,ICBC,Cost-to-Income Ratio,2021,23.97
601998,CITIC,Cost-to-Income Ratio,2021,29.2
600015,HXB,Cost-to-Income Ratio,2022,30.13
600036,CMD,Cost-to-Income Ratio,2022,32.88
601166,CIB,Cost-to-Income Ratio,2022,29.37
601398,ICBC,Cost-to-Income Ratio,2022,25.01
601998,CITIC,Cost-to-Income Ratio,2022,30.53
600015,HXB,Cost-to-Income Ratio,2023,31.37
600036,CMD,Cost-to-Income Ratio,2023,32.96
601166,CIB,Cost-to-Income Ratio,2023,29.97
601398,ICBC,Cost-to-Income Ratio,2023,26.96
601998,CITIC,Cost-to-Income Ratio,2023,32.35
600015,HXB,Cost-to-Income Ratio,2024,29.8
600036,CMD,Cost-to-Income Ratio,2024,31.89
601166,CIB,Cost-to-Income Ratio,2024,29.5
601398,ICBC,Cost-to-Income Ratio,2024,28.04
601998,CITIC,Cost-to-Income Ratio,2024,32.49
600015,HXB,Cost-to-Income Ratio,2025,30.61
600036,CMD,Cost-to-Income Ratio,2025,31.98
601166,CIB,Cost-to-Income Ratio,2025,29.56
601398,ICBC,Cost-to-Income Ratio,2025,28.05
601998,CITIC,Cost-to-Income Ratio,2025,31.61
600015,HXB,Credit Cost,2020,1.82
600036,CMD,Credit Cost,2020,0.98
601166,CIB,Credit Cost,2020,1.33
601398,ICBC,Credit Cost,2020,0.97
601998,CITIC,Credit Cost,2020,1.64
600015,HXB,Credit Cost,2021,1.19
600036,CMD,Credit Cost,2021,0.7
601166,CIB,Credit Cost,2021,1.08
601398,ICBC,Credit Cost,2021,0.86
601998,CITIC,Credit Cost,2021,1.08
600015,HXB,Credit Cost,2022,1.2
600036,CMD,Credit Cost,2022,0.78
601166,CIB,Credit Cost,2022,0.8
601398,ICBC,Credit Cost,2022,0.65
601998,CITIC,Credit Cost,2022,1.12
600015,HXB,Credit Cost,2023,1.11
600036,CMD,Credit Cost,2023,0.74
601166,CIB,Credit Cost,2023,1.28
601398,ICBC,Credit Cost,2023,0.58
601998,CITIC,Credit Cost,2023,0.93
600015,HXB,Credit Cost,2024,1.1
600036,CMD,Credit Cost,2024,0.65
601166,CIB,Credit Cost,2024,0.92
601398,ICBC,Credit Cost,2024,0.45
601998,CITIC,Credit Cost,2024,0.95
600015,HXB,Credit Cost,2025,0.92
600036,CMD,Credit Cost,2025,0.6
601166,CIB,Credit Cost,2025,0.92
601398,ICBC,Credit Cost,2025,0.51
601998,CITIC,Credit Cost,2025,0.89
600015,HXB,Deposit Cost Rate,2020,1.88
600036,CMD,Deposit Cost Rate,2020,1.55
601166,CIB,Deposit Cost Rate,2020,2.26
601398,ICBC,Deposit Cost Rate,2020,1.61
601998,CITIC,Deposit Cost Rate,2020,2.1
600015,HXB,Deposit Cost Rate,2021,1.9
600036,CMD,Deposit Cost Rate,2021,1.41
601166,CIB,Deposit Cost Rate,2021,2.22
601398,ICBC,Deposit Cost Rate,2021,1.62
601998,CITIC,Deposit Cost Rate,2021,2.0
600015,HXB,Deposit Cost Rate,2022,2.03
600036,CMD,Deposit Cost Rate,2022,1.52
601166,CIB,Deposit Cost Rate,2022,2.26
601398,ICBC,Deposit Cost Rate,2022,1.75
601998,CITIC,Deposit Cost Rate,2022,2.06
600015,HXB,Deposit Cost Rate,2023,2.06
600036,CMD,Deposit Cost Rate,2023,1.62
601166,CIB,Deposit Cost Rate,2023,2.24
601398,ICBC,Deposit Cost Rate,2023,1.89
601998,CITIC,Deposit Cost Rate,2023,2.12
600015,HXB,Deposit Cost Rate,2024,1.96
600036,CMD,Deposit Cost Rate,2024,1.54
601166,CIB,Deposit Cost Rate,2024,1.98
601398,ICBC,Deposit Cost Rate,2024,1.72
601998,CITIC,Deposit Cost Rate,2024,1.89
600015,HXB,Deposit Cost Rate,2025,1.6
600036,CMD,Deposit Cost Rate,2025,1.17
601166,CIB,Deposit Cost Rate,2025,1.65
601398,ICBC,Deposit Cost Rate,2025,1.36
601998,CITIC,Deposit Cost Rate,2025,1.52
600015,HXB,Deposit Growth Rate,2020,9.77
600036,CMD,Deposit Growth Rate,2020,16.18
601166,CIB,Deposit Growth Rate,2020,7.55
601398,ICBC,Deposit Growth Rate,2020,9.39
601998,CITIC,Deposit Growth Rate,2020,12.12
600015,HXB,Deposit Growth Rate,2021,4.73
600036,CMD,Deposit Growth Rate,2021,12.77
601166,CIB,Deposit Growth Rate,2021,6.63
601398,ICBC,Deposit Growth Rate,2021,5.2
601998,CITIC,Deposit Growth Rate,2021,4.6
600015,HXB,Deposit Growth Rate,2022,8.38
600036,CMD,Deposit Growth Rate,2022,18.73
601166,CIB,Deposit Growth Rate,2022,9.88
601398,ICBC,Deposit Growth Rate,2022,12.97
601998,CITIC,Deposit Growth Rate,2022,7.66
600015,HXB,Deposit Growth Rate,2023,3.2
600036,CMD,Deposit Growth Rate,2023,8.22
601166,CIB,Deposit Growth Rate,2023,8.45
601398,ICBC,Deposit Growth Rate,2023,12.22
601998,CITIC,Deposit Growth Rate,2023,5.86
600015,HXB,Deposit Growth Rate,2024,1.01
600036,CMD,Deposit Growth Rate,2024,11.54
601166,CIB,Deposit Growth Rate,2024,7.69
601398,ICBC,Deposit Growth Rate,2024,3.93
601998,CITIC,Deposit Growth Rate,2024,7.04
600015,HXB,Deposit Growth Rate,2025,10.71
600036,CMD,Deposit Growth Rate,2025,8.13
601166,CIB,Deposit Growth Rate,2025,7.18
601398,ICBC,Deposit Growth Rate,2025,7.1
601998,CITIC,Deposit Growth Rate,2025,4.69
600015,HXB,Dividend Yield,2020,4.82
600036,CMD,Dividend Yield,2020,2.85
601166,CIB,Dividend Yield,2020,3.84
601398,ICBC,Dividend Yield,2020,7.29
601998,CITIC,Dividend Yield,2020,4.97
600015,HXB,Dividend Yield,2021,6.04
600036,CMD,Dividend Yield,2021,3.12
601166,CIB,Dividend Yield,2021,5.44
601398,ICBC,Dividend Yield,2021,8.22
601998,CITIC,Dividend Yield,2021,6.54
600015,HXB,Dividend Yield,2022,7.38
600036,CMD,Dividend Yield,2022,4.66
601166,CIB,Dividend Yield,2022,6.75
601398,ICBC,Dividend Yield,2022,8.53
601998,CITIC,Dividend Yield,2022,6.61
600015,HXB,Dividend Yield,2023,6.83
600036,CMD,Dividend Yield,2023,7.09
601166,CIB,Dividend Yield,2023,6.42
601398,ICBC,Dividend Yield,2023,7.33
601998,CITIC,Dividend Yield,2023,6.73
600015,HXB,Dividend Yield,2024,5.06
600036,CMD,Dividend Yield,2024,5.09
601166,CIB,Dividend Yield,2024,5.53
601398,ICBC,Dividend Yield,2024,4.83
601998,CITIC,Dividend Yield,2024,5.08
600015,HXB,Dividend Yield,2025,6.11
600036,CMD,Dividend Yield,2025,4.79
601166,CIB,Dividend Yield,2025,5.06
601398,ICBC,Dividend Yield,2025,4.0
601998,CITIC,Dividend Yield,2025,4.95
600015,HXB,EPS,2020,1.2
600036,CMD,EPS,2020,3.79
601166,CIB,EPS,2020,3.08
601398,ICBC,EPS,2020,0.86
601998,CITIC,EPS,2020,0.94
600015,HXB,EPS,2021,1.35
600036,CMD,EPS,2021,4.61
601166,CIB,EPS,2021,3.77
601398,ICBC,EPS,2021,0.95
601998,CITIC,EPS,2021,1.08
600015,HXB,EPS,2022,1.43
600036,CMD,EPS,2022,5.26
601166,CIB,EPS,2022,4.2
601398,ICBC,EPS,2022,0.97
601998,CITIC,EPS,2022,1.17
600015,HXB,EPS,2023,1.48
600036,CMD,EPS,2023,5.63
601166,CIB,EPS,2023,3.51
601398,ICBC,EPS,2023,0.98
601998,CITIC,EPS,2023,1.27
600015,HXB,EPS,2024,1.62
600036,CMD,EPS,2024,5.66
601166,CIB,EPS,2024,3.51
601398,ICBC,EPS,2024,0.98
601998,CITIC,EPS,2024,1.22
600015,HXB,EPS,2025,1.62
600036,CMD,EPS,2025,5.7
601166,CIB,EPS,2025,3.46
601398,ICBC,EPS,2025,1.0
601998,CITIC,EPS,2025,1.2
600015,HXB,LLR,2020,2.65
600036,CMD,LLR,2020,4.82
601166,CIB,LLR,2020,2.74
601398,ICBC,LLR,2020,2.85
601998,CITIC,LLR,2020,2.82
600015,HXB,LLR,2021,2.67
600036,CMD,LLR,2021,4.55
601166,CIB,LLR,2021,2.96
601398,ICBC,LLR,2021,2.92
601998,CITIC,LLR,2021,2.5
600015,HXB,LLR,2022,2.8
600036,CMD,LLR,2022,4.43
601166,CIB,LLR,2022,2.59
601398,ICBC,LLR,2022,2.9
601998,CITIC,LLR,2022,2.55
600015,HXB,LLR,2023,2.67
600036,CMD,LLR,2023,4.24
601166,CIB,LLR,2023,2.63
601398,ICBC,LLR,2023,2.9
601998,CITIC,LLR,2023,2.45
600015,HXB,LLR,2024,2.59
600036,CMD,LLR,2024,3.97
601166,CIB,LLR,2024,2.55
601398,ICBC,LLR,2024,2.87
601998,CITIC,LLR,2024,2.43
600015,HXB,LLR,2025,2.23
600036,CMD,LLR,2025,3.7
601166,CIB,LLR,2025,2.47
601398,ICBC,LLR,2025,2.79
601998,CITIC,LLR,2025,2.33
600015,HXB,LR,2020,7.25
600036,CMD,LR,2020,7.39
601166,CIB,LR,2020,6.58
601398,ICBC,LR,2020,8.14
601998,CITIC,LR,2020,6.4
600015,HXB,LR,2021,6.95
600036,CMD,LR,2021,8.0
601166,CIB,LR,2021,6.72
601398,ICBC,LR,2021,8.69
601998,CITIC,LR,2021,6.78
600015,HXB,LR,2022,6.76
600036,CMD,LR,2022,7.95
601166,CIB,LR,2022,6.77
601398,ICBC,LR,2022,8.32
601998,CITIC,LR,2022,6.59
600015,HXB,LR,2023,6.16
600036,CMD,LR,2023,8.26
601166,CIB,LR,2023,6.83
601398,ICBC,LR,2023,7.95
601998,CITIC,LR,2023,6.66
600015,HXB,LR,2024,6.95
600036,CMD,LR,2024,8.46
601166,CIB,LR,2024,7.35
601398,ICBC,LR,2024,7.75
601998,CITIC,LR,2024,7.06
600015,HXB,LR,2025,6.93
600036,CMD,LR,2025,8.0
601166,CIB,LR,2025,7.04
601398,ICBC,LR,2025,7.51
601998,CITIC,LR,2025,7.09
600015,HXB,Loan Growth Rate,2020,12.62
600036,CMD,Loan Growth Rate,2020,11.99
601166,CIB,Loan Growth Rate,2020,15.23
601398,ICBC,Loan Growth Rate,2020,11.11
601998,CITIC,Loan Growth Rate,2020,11.89
600015,HXB,Loan Growth Rate,2021,4.96
600036,CMD,Loan Growth Rate,2021,10.76
601166,CIB,Loan Growth Rate,2021,11.66
601398,ICBC,Loan Growth Rate,2021,10.97
601998,CITIC,Loan Growth Rate,2021,8.55
600015,HXB,Loan Growth Rate,2022,2.69
600036,CMD,Loan Growth Rate,2022,8.64
601166,CIB,Loan Growth Rate,2022,12.53
601398,ICBC,Loan Growth Rate,2022,12.31
601998,CITIC,Loan Growth Rate,2022,6.11
600015,HXB,Loan Growth Rate,2023,1.61
600036,CMD,Loan Growth Rate,2023,7.56
601166,CIB,Loan Growth Rate,2023,9.59
601398,ICBC,Loan Growth Rate,2023,12.39
601998,CITIC,Loan Growth Rate,2023,6.71
600015,HXB,Loan Growth Rate,2024,2.46
600036,CMD,Loan Growth Rate,2024,5.83
601166,CIB,Loan Growth Rate,2024,5.05
601398,ICBC,Loan Growth Rate,2024,8.76
601998,CITIC,Loan Growth Rate,2024,4.03
600015,HXB,Loan Growth Rate,2025,8.47
600036,CMD,Loan Growth Rate,2025,5.37
601166,CIB,Loan Growth Rate,2025,3.7
601398,ICBC,Loan Growth Rate,2025,7.52
601998,CITIC,Loan Growth Rate,2025,2.48
600015,HXB,Loan Yield,2020,5.34
600036,CMD,Loan Yield,2020,4.89
601166,CIB,Loan Yield,2020,5.3
601398,ICBC,Loan Yield,2020,4.26
601998,CITIC,Loan Yield,2020,5.31
600015,HXB,Loan Yield,2021,5.13
600036,CMD,Loan Yield,2021,4.57
601166,CIB,Loan Yield,2021,5.03
601398,ICBC,Loan Yield,2021,4.16
601998,CITIC,Loan Yield,2021,4.99
600015,HXB,Loan Yield,2022,4.85
600036,CMD,Loan Yield,2022,4.54
601166,CIB,Loan Yield,2022,4.81
601398,ICBC,Loan Yield,2022,4.05
601998,CITIC,Loan Yield,2022,4.81
600015,HXB,Loan Yield,2023,4.74
600036,CMD,Loan Yield,2023,4.26
601166,CIB,Loan Yield,2023,4.57
601398,ICBC,Loan Yield,2023,3.81
601998,CITIC,Loan Yield,2023,4.56
600015,HXB,Loan Yield,2024,4.38
600036,CMD,Loan Yield,2024,3.91
601166,CIB,Loan Yield,2024,4.2
601398,ICBC,Loan Yield,2024,3.4
601998,CITIC,Loan Yield,2024,4.24
600015,HXB,Loan Yield,2025,3.88
600036,CMD,Loan Yield,2025,3.34
601166,CIB,Loan Yield,2025,3.59
601398,ICBC,Loan Yield,2025,2.81
601998,CITIC,Loan Yield,2025,3.67
600015,HXB,NIIR,2020,14.0
600036,CMD,NIIR,2020,36.3
601166,CIB,NIIR,2020,29.35
601398,ICBC,NIIR,2020,26.73
601998,CITIC,NIIR,2020,22.71
600015,HXB,NIIR,2021,16.97
600036,CMD,NIIR,2021,38.44
601166,CIB,NIIR,2021,34.15
601398,ICBC,NIIR,2021,26.74
601998,CITIC,NIIR,2021,27.7
600015,HXB,NIIR,2022,20.8
600036,CMD,NIIR,2022,36.7
601166,CIB,NIIR,2022,34.67
601398,ICBC,NIIR,2022,24.43
601998,CITIC,NIIR,2022,28.7
600015,HXB,NIIR,2023,24.42
600036,CMD,NIIR,2023,36.7
601166,CIB,NIIR,2023,30.51
601398,ICBC,NIIR,2023,22.31
601998,CITIC,NIIR,2023,30.3
600015,HXB,NIIR,2024,36.11
600036,CMD,NIIR,2024,37.4
601166,CIB,NIIR,2024,30.21
601398,ICBC,NIIR,2024,22.44
601998,CITIC,NIIR,2024,31.3
600015,HXB,NIIR,2025,31.51
600036,CMD,NIIR,2025,36.13
601166,CIB,NIIR,2025,30.08
601398,ICBC,NIIR,2025,24.23
601998,CITIC,NIIR,2025,32.0
600015,HXB,NIM,2020,2.59
600036,CMD,NIM,2020,2.49
601166,CIB,NIM,2020,2.36
601398,ICBC,NIM,2020,2.15
601998,CITIC,NIM,2020,2.26
600015,HXB,NIM,2021,2.35
600036,CMD,NIM,2021,2.48
601166,CIB,NIM,2021,2.29
601398,ICBC,NIM,2021,2.11
601998,CITIC,NIM,2021,2.05
600015,HXB,NIM,2022,2.1
600036,CMD,NIM,2022,2.4
601166,CIB,NIM,2022,2.1
601398,ICBC,NIM,2022,1.92
601998,CITIC,NIM,2022,1.97
600015,HXB,NIM,2023,1.82
600036,CMD,NIM,2023,2.15
601166,CIB,NIM,2023,1.93
601398,ICBC,NIM,2023,1.61
601998,CITIC,NIM,2023,1.78
600015,HXB,NIM,2024,1.59
600036,CMD,NIM,2024,1.98
601166,CIB,NIM,2024,1.82
601398,ICBC,NIM,2024,1.42
601998,CITIC,NIM,2024,1.77
600015,HXB,NIM,2025,1.56
600036,CMD,NIM,2025,1.87
601166,CIB,NIM,2025,1.71
601398,ICBC,NIM,2025,1.28
601998,CITIC,NIM,2025,1.63
600015,HXB,NIS,2020,2.48
600036,CMD,NIS,2020,2.4
601166,CIB,NIS,2020,2.11
601398,ICBC,NIS,2020,1.97
601998,CITIC,NIS,2020,2.18
600015,HXB,NIS,2021,2.26
600036,CMD,NIS,2021,2.39
601166,CIB,NIS,2021,2.02
601398,ICBC,NIS,2021,1.92
601998,CITIC,NIS,2021,1.99
600015,HXB,NIS,2022,2.07
600036,CMD,NIS,2022,2.28
601166,CIB,NIS,2022,1.83
601398,ICBC,NIS,2022,1.73
601998,CITIC,NIS,2022,1.92
600015,HXB,NIS,2023,1.77
600036,CMD,NIS,2023,2.03
601166,CIB,NIS,2023,1.66
601398,ICBC,NIS,2023,1.41
601998,CITIC,NIS,2023,1.75
600015,HXB,NIS,2024,1.61
600036,CMD,NIS,2024,1.86
601166,CIB,NIS,2024,1.56
601398,ICBC,NIS,2024,1.23
601998,CITIC,NIS,2024,1.71
600015,HXB,NIS,2025,1.63
600036,CMD,NIS,2025,1.78
601166,CIB,NIS,2025,1.5
601398,ICBC,NIS,2025,1.15
601998,CITIC,NIS,2025,1.6
600015,HXB,NPL,2020,1.8
600036,CMD,NPL,2020,1.09
601166,CIB,NPL,2020,1.25
601398,ICBC,NPL,2020,1.58
601998,CITIC,NPL,2020,1.64
600015,HXB,NPL,2021,1.77
600036,CMD,NPL,2021,0.93
601166,CIB,NPL,2021,1.1
601398,ICBC,NPL,2021,1.42
601998,CITIC,NPL,2021,1.39
600015,HXB,NPL,2022,1.75
600036,CMD,NPL,2022,0.95
601166,CIB,NPL,2022,1.09
601398,ICBC,NPL,2022,1.38
601998,CITIC,NPL,2022,1.27
600015,HXB,NPL,2023,1.67
600036,CMD,NPL,2023,0.93
601166,CIB,NPL,2023,1.07
601398,ICBC,NPL,2023,1.36
601998,CITIC,NPL,2023,1.18
600015,HXB,NPL,2024,1.6
600036,CMD,NPL,2024,0.93
601166,CIB,NPL,2024,1.07
601398,ICBC,NPL,2024,1.34
601998,CITIC,NPL,2024,1.16
600015,HXB,NPL,2025,1.55
600036,CMD,NPL,2025,0.93
601166,CIB,NPL,2025,1.08
601398,ICBC,NPL,2025,1.31
601998,CITIC,NPL,2025,1.15
600015,HXB,NPLG,2020,1.73
600036,CMD,NPLG,2020,1.26
601166,CIB,NPLG,2020,1.31
601398,ICBC,NPLG,2020,0.98
601998,CITIC,NPLG,2020,1.81
600015,HXB,NPLG,2021,1.21
600036,CMD,NPLG,2021,0.95
601166,CIB,NPLG,2021,0.76
601398,ICBC,NPLG,2021,0.51
601998,CITIC,NPLG,2021,1.25
600015,HXB,NPLG,2022,1.14
600036,CMD,NPLG,2022,1.15
601166,CIB,NPLG,2022,1.12
601398,ICBC,NPLG,2022,0.51
601998,CITIC,NPLG,2022,1.11
600015,HXB,NPLG,2023,1.28
600036,CMD,NPLG,2023,1.03
601166,CIB,NPLG,2023,1.29
601398,ICBC,NPLG,2023,0.43
601998,CITIC,NPLG,2023,1.12
600015,HXB,NPLG,2024,1.28
600036,CMD,NPLG,2024,1.05
601166,CIB,NPLG,2024,1.12
601398,ICBC,NPLG,2024,0.41
601998,CITIC,NPLG,2024,1.11
600015,HXB,NPLG,2025,1.41
600036,CMD,NPLG,2025,1.03
601166,CIB,NPLG,2025,1.17
601398,ICBC,NPLG,2025,0.47
601998,CITIC,NPLG,2025,1.15
600015,HXB,Operating Income Growth Rate,2020,12.48
600036,CMD,Operating Income Growth Rate,2020,7.7
601166,CIB,Operating Income Growth Rate,2020,12.04
601398,ICBC,Operating Income Growth Rate,2020,3.18
601998,CITIC,Operating Income Growth Rate,2020,3.81
600015,HXB,Operating Income Growth Rate,2021,0.59
600036,CMD,Operating Income Growth Rate,2021,14.04
601166,CIB,Operating Income Growth Rate,2021,8.91
601398,ICBC,Operating Income Growth Rate,2021,6.81
601998,CITIC,Operating Income Growth Rate,2021,5.05
600015,HXB,Operating Income Growth Rate,2022,-2.15
600036,CMD,Operating Income Growth Rate,2022,4.08
601166,CIB,Operating Income Growth Rate,2022,0.51
601398,ICBC,Operating Income Growth Rate,2022,-2.63
601998,CITIC,Operating Income Growth Rate,2022,3.34
600015,HXB,Operating Income Growth Rate,2023,-0.64
600036,CMD,Operating Income Growth Rate,2023,-1.64
601166,CIB,Operating Income Growth Rate,2023,-5.19
601398,ICBC,Operating Income Growth Rate,2023,-3.73
601998,CITIC,Operating Income Growth Rate,2023,-2.6
600015,HXB,Operating Income Growth Rate,2024,4.23
600036,CMD,Operating Income Growth Rate,2024,-0.48
601166,CIB,Operating Income Growth Rate,2024,0.66
601398,ICBC,Operating Income Growth Rate,2024,-2.52
601998,CITIC,Operating Income Growth Rate,2024,3.76
600015,HXB,Operating Income Growth Rate,2025,-5.39
600036,CMD,Operating Income Growth Rate,2025,0.01
601166,CIB,Operating Income Growth Rate,2025,0.24
601398,ICBC,Operating Income Growth Rate,2025,2.0
601998,CITIC,Operating Income Growth Rate,2025,-0.55
600015,HXB,PCR,2020,147.22
600036,CMD,PCR,2020,443.51
601166,CIB,PCR,2020,218.83
601398,ICBC,PCR,2020,180.68
601998,CITIC,PCR,2020,171.68
600015,HXB,PCR,2021,150.99
600036,CMD,PCR,2021,490.66
601166,CIB,PCR,2021,268.73
601398,ICBC,PCR,2021,205.84
601998,CITIC,PCR,2021,180.07
600015,HXB,PCR,2022,159.88
600036,CMD,PCR,2022,467.43
601166,CIB,PCR,2022,236.44
601398,ICBC,PCR,2022,209.47
601998,CITIC,PCR,2022,201.19
600015,HXB,PCR,2023,160.06
600036,CMD,PCR,2023,456.73
601166,CIB,PCR,2023,245.21
601398,ICBC,PCR,2023,213.97
601998,CITIC,PCR,2023,207.59
600015,HXB,PCR,2024,161.89
600036,CMD,PCR,2024,425.23
601166,CIB,PCR,2024,237.78
601398,ICBC,PCR,2024,214.91
601998,CITIC,PCR,2024,209.43
600015,HXB,PCR,2025,143.3
600036,CMD,PCR,2025,399.61
601166,CIB,PCR,2025,228.41
601398,ICBC,PCR,2025,213.6
601998,CITIC,PCR,2025,203.61
600015,HXB,Pre-provision Profit Growth Rate,2020,16.59
600036,CMD,Pre-provision Profit Growth Rate,2020,5.11
601166,CIB,Pre-provision Profit Growth Rate,2020,14.59
601398,ICBC,Pre-provision Profit Growth Rate,2020,4.21
601998,CITIC,Pre-provision Profit Growth Rate,2020,5.27
600015,HXB,Pre-provision Profit Growth Rate,2021,-1.06
600036,CMD,Pre-provision Profit Growth Rate,2021,14.32
601166,CIB,Pre-provision Profit Growth Rate,2021,6.72
601398,ICBC,Pre-provision Profit Growth Rate,2021,5.5
601998,CITIC,Pre-provision Profit Growth Rate,2021,1.56
600015,HXB,Pre-provision Profit Growth Rate,2022,-3.76
600036,CMD,Pre-provision Profit Growth Rate,2022,3.61
601166,CIB,Pre-provision Profit Growth Rate,2022,-4.53
601398,ICBC,Pre-provision Profit Growth Rate,2022,-3.59
601998,CITIC,Pre-provision Profit Growth Rate,2022,1.58
600015,HXB,Pre-provision Profit Growth Rate,2023,-4.58
600036,CMD,Pre-provision Profit Growth Rate,2023,-1.79
601166,CIB,Pre-provision Profit Growth Rate,2023,-6.14
601398,ICBC,Pre-provision Profit Growth Rate,2023,-5.7
601998,CITIC,Pre-provision Profit Growth Rate,2023,-5.5
600015,HXB,Pre-provision Profit Growth Rate,2024,5.32
600036,CMD,Pre-provision Profit Growth Rate,2024,0.34
601166,CIB,Pre-provision Profit Growth Rate,2024,1.37
601398,ICBC,Pre-provision Profit Growth Rate,2024,-4.24
601998,CITIC,Pre-provision Profit Growth Rate,2024,3.72
600015,HXB,Pre-provision Profit Growth Rate,2025,-7.86
600036,CMD,Pre-provision Profit Growth Rate,2025,-0.02
601166,CIB,Pre-provision Profit Growth Rate,2025,0.12
601398,ICBC,Pre-provision Profit Growth Rate,2025,1.97
601998,CITIC,Pre-provision Profit Growth Rate,2025,0.05
600015,HXB,ROA,2020,0.67
600036,CMD,ROA,2020,1.23
601166,CIB,ROA,2020,0.9
601398,ICBC,ROA,2020,1.0
601998,CITIC,ROA,2020,0.69
600015,HXB,ROA,2021,0.67
600036,CMD,ROA,2021,1.36
601166,CIB,ROA,2021,1.02
601398,ICBC,ROA,2021,1.02
601998,CITIC,ROA,2021,0.72
600015,HXB,ROA,2022,0.67
600036,CMD,ROA,2022,1.42
601166,CIB,ROA,2022,1.03
601398,ICBC,ROA,2022,0.97
601998,CITIC,ROA,2022,0.76
600015,HXB,ROA,2023,0.66
600036,CMD,ROA,2023,1.39
601166,CIB,ROA,2023,0.8
601398,ICBC,ROA,2023,0.87
601998,CITIC,ROA,2023,0.77
600015,HXB,ROA,2024,0.65
600036,CMD,ROA,2024,1.28
601166,CIB,ROA,2024,0.75
601398,ICBC,ROA,2024,0.78
601998,CITIC,ROA,2024,0.75
600015,HXB,ROA,2025,0.61
600036,CMD,ROA,2025,1.19
601166,CIB,ROA,2025,0.72
601398,ICBC,ROA,2025,0.72
601998,CITIC,ROA,2025,0.73
600015,HXB,ROE,2020,8.64
600036,CMD,ROE,2020,15.73
601166,CIB,ROE,2020,12.62
601398,ICBC,ROE,2020,11.95
601998,CITIC,ROE,2020,10.11
600015,HXB,ROE,2021,9.04
600036,CMD,ROE,2021,16.96
601166,CIB,ROE,2021,13.94
601398,ICBC,ROE,2021,12.15
601998,CITIC,ROE,2021,10.73
600015,HXB,ROE,2022,9.0
600036,CMD,ROE,2022,17.06
601166,CIB,ROE,2022,13.85
601398,ICBC,ROE,2022,11.43
601998,CITIC,ROE,2022,10.8
600015,HXB,ROE,2023,8.71
600036,CMD,ROE,2023,16.22
601166,CIB,ROE,2023,10.64
601398,ICBC,ROE,2023,10.66
601998,CITIC,ROE,2023,10.8
600015,HXB,ROE,2024,8.84
600036,CMD,ROE,2024,14.49
601166,CIB,ROE,2024,9.89
601398,ICBC,ROE,2024,9.88
601998,CITIC,ROE,2024,9.79
600015,HXB,ROE,2025,8.32
600036,CMD,ROE,2025,13.44
601166,CIB,ROE,2025,9.15
601398,ICBC,ROE,2025,9.45
601998,CITIC,ROE,2025,9.39
600015,HXB,RORWA,2020,0.9
600036,CMD,RORWA,2020,2.05
601166,CIB,RORWA,2020,1.25
601398,ICBC,RORWA,2020,1.64
601998,CITIC,RORWA,2020,0.94
600015,HXB,RORWA,2021,0.91
600036,CMD,RORWA,2021,2.3
601166,CIB,RORWA,2021,1.42
601398,ICBC,RORWA,2021,1.68
601998,CITIC,RORWA,2021,1.01
600015,HXB,RORWA,2022,0.91
600036,CMD,RORWA,2022,2.44
601166,CIB,RORWA,2022,1.44
601398,ICBC,RORWA,2022,1.64
601998,CITIC,RORWA,2022,1.04
600015,HXB,RORWA,2023,0.91
600036,CMD,RORWA,2023,2.38
601166,CIB,RORWA,2023,1.1
601398,ICBC,RORWA,2023,1.56
601998,CITIC,RORWA,2023,1.04
600015,HXB,RORWA,2024,0.91
600036,CMD,RORWA,2024,2.22
601166,CIB,RORWA,2024,1.02
601398,ICBC,RORWA,2024,1.46
601998,CITIC,RORWA,2024,1.01
600015,HXB,RORWA,2025,0.85
600036,CMD,RORWA,2025,2.1
601166,CIB,RORWA,2025,0.95
601398,ICBC,RORWA,2025,1.37
601998,CITIC,RORWA,2025,0.97
600015,HXB,Recurring Net Profit Growth Rate,2020,-2.54
600036,CMD,Recurring Net Profit Growth Rate,2020,5.42
601166,CIB,Recurring Net Profit Growth Rate,2020,1.16
601398,ICBC,Recurring Net Profit Growth Rate,2020,1.16
601998,CITIC,Recurring Net Profit Growth Rate,2020,1.82
600015,HXB,Recurring Net Profit Growth Rate,2021,10.69
600036,CMD,Recurring Net Profit Growth Rate,2021,22.9
601166,CIB,Recurring Net Profit Growth Rate,2021,24.14
601398,ICBC,Recurring Net Profit Growth Rate,2021,10.12
601998,CITIC,Recurring Net Profit Growth Rate,2021,13.71
600015,HXB,Recurring Net Profit Growth Rate,2022,6.6
600036,CMD,Recurring Net Profit Growth Rate,2022,15.17
601166,CIB,Recurring Net Profit Growth Rate,2022,10.69
601398,ICBC,Recurring Net Profit Growth Rate,2022,3.47
601998,CITIC,Recurring Net Profit Growth Rate,2022,11.42
600015,HXB,Recurring Net Profit Growth Rate,2023,4.53
600036,CMD,Recurring Net Profit Growth Rate,2023,6.18
601166,CIB,Recurring Net Profit Growth Rate,2023,-15.91
601398,ICBC,Recurring Net Profit Growth Rate,2023,0.8
601998,CITIC,Recurring Net Profit Growth Rate,2023,7.56
600015,HXB,Recurring Net Profit Growth Rate,2024,5.35
600036,CMD,Recurring Net Profit Growth Rate,2024,1.34
601166,CIB,Recurring Net Profit Growth Rate,2024,0.33
601398,ICBC,Recurring Net Profit Growth Rate,2024,0.79
601998,CITIC,Recurring Net Profit Growth Rate,2024,2.31
600015,HXB,Recurring Net Profit Growth Rate,2025,-1.9
600036,CMD,Recurring Net Profit Growth Rate,2025,1.35
601166,CIB,Recurring Net Profit Growth Rate,2025,0.38
601398,ICBC,Recurring Net Profit Growth Rate,2025,1.06
601998,CITIC,Recurring Net Profit Growth Rate,2025,2.58
600015,HXB,Total Assets Growth Rate,2020,12.55
600036,CMD,Total Assets Growth Rate,2020,12.73
601166,CIB,Total Assets Growth Rate,2020,10.47
601398,ICBC,Total Assets Growth Rate,2020,10.75
601998,CITIC,Total Assets Growth Rate,2020,11.27
600015,HXB,Total Assets Growth Rate,2021,8.13
600036,CMD,Total Assets Growth Rate,2021,10.62
601166,CIB,Total Assets Growth Rate,2021,8.98
601398,ICBC,Total Assets Growth Rate,2021,5.48
601998,CITIC,Total Assets Growth Rate,2021,7.08
600015,HXB,Total Assets Growth Rate,2022,6.09
600036,CMD,Total Assets Growth Rate,2022,9.62
601166,CIB,Total Assets Growth Rate,2022,7.71
601398,ICBC,Total Assets Growth Rate,2022,12.62
601998,CITIC,Total Assets Growth Rate,2022,6.27
600015,HXB,Total Assets Growth Rate,2023,9.09
600036,CMD,Total Assets Growth Rate,2023,8.77
601166,CIB,Total Assets Growth Rate,2023,9.62
601398,ICBC,Total Assets Growth Rate,2023,12.84
601998,CITIC,Total Assets Growth Rate,2023,5.91
600015,HXB,Total Assets Growth Rate,2024,2.86
600036,CMD,Total Assets Growth Rate,2024,10.19
601166,CIB,Total Assets Growth Rate,2024,3.44
601398,ICBC,Total Assets Growth Rate,2024,9.23
601998,CITIC,Total Assets Growth Rate,2024,5.31
600015,HXB,Total Assets Growth Rate,2025,8.25
600036,CMD,Total Assets Growth Rate,2025,7.56
601166,CIB,Total Assets Growth Rate,2025,5.58
601398,ICBC,Total Assets Growth Rate,2025,9.54
601998,CITIC,Total Assets Growth Rate,2025,6.28
